,X1,X2,X3,X4,Y
0,,1.056680860396218,-0.7021970573298919,1.1978538433208807,1.2930476545801908
1,0.11914272626389519,0.23802141521601303,-1.155493065765893,0.8558666096427171,2.570587511007778
2,-0.10029343069775001,0.19211141626525213,-1.5685195717390417,,2.1838670702597565
3,1.0479157113621924,-0.6151477364603315,0.5899492438803725,-1.4285863516054675,1.5225091648416695
4,0.4067126337602271,-0.897186453847007,-1.2467351315655812,-0.08767028322627507,1.8397817873540896
5,1.1959896106043988,-1.0046556597023855,-1.45311248869863,,4.947971372113773
6,0.3403911088964781,0.2921591119345693,0.054518620264743696,-1.9294546841998497,2.4448428806775295
7,-0.9898907224890408,-1.3524395469690083,,0.4601710933148734,1.913418003391726
8,-0.8823479108576855,-1.3102101794969254,0.13174768295730196,-0.6194445237898244,3.9893755809175113
9,-0.7311889361098478,0.30540421310747856,-1.0093443309489214,1.163430428920961,3.227143635983813
10,-1.0283695856586779,-0.2596791589897653,-0.4588903081088813,,1.5112901157940763
11,-0.3825315695168937,0.40042840337208,,0.5359327269290675,1.593962431334949
12,0.514150424524798,-0.21263767314179255,-1.8623143641323205,,1.7484252961938145
13,0.9205367070682902,-1.1659016576686305,-1.1476532225160923,0.3288556760657494,2.7537699120445303
14,,-0.48686066828273167,0.6274711806136357,-0.7927657713835754,1.5820811582131673
15,-0.27810019624650184,0.5530453332212855,-1.5835600435423254,-0.0730892104223546,4.5501514275248764
16,-0.7252434811926818,-1.0074811568994335,0.7451695986150955,-1.5417137023583636,1.640124346317944
17,0.668761352112946,-0.6825913380727776,-0.09502088963427152,-1.465597456381199,1.9246360183273286
18,0.053981617042361686,,-1.422649676221512,-0.22765863839301828,1.5082993256516324
19,,0.06236277567824604,-0.21857793426928443,-0.6953797126578146,2.0236724836079825
20,-0.6223080743320291,-1.6260528851215892,0.37066616604523606,0.48746477404819594,1.439091700371201
21,0.4821114962068641,0.47220383159625395,0.5089426797025495,-0.41455335563664847,3.8979297304520384
22,0.3314461213560134,0.8763090193884713,0.5715271011201972,-0.18683654732619256,1.4438625929897495
23,-0.9805639463787489,0.4283544887533859,0.4216353877962036,-0.0711565486348706,2.747850955244404
24,0.040280548326168494,-0.3053659544886858,-0.6152635217296605,-1.561122508060707,2.50684976245529
25,0.6975634527527033,-1.0351365242895114,,-0.6941602013364434,2.038526673183884
26,0.8631995365404537,-0.6629952649823385,0.366150220273604,-0.2198448787443954,1.1153818699246933
27,1.082079741065245,0.1445768058089932,0.4300905682310191,,1.1867414046506908
28,-0.7112094959017373,-0.6707759907314481,-0.0610604199029287,0.2538862826514091,3.613370005708081
29,-1.5004732119347624,0.8057077773654511,-1.91966992066741,-0.5923604637596446,1.5603037300010252
30,0.03707608727837073,-0.7394046124769671,0.40407738071166394,-1.477463068930366,2.612227474954877
31,-0.47579858911359335,0.6081523129458806,0.1488673330172625,,1.1884965546091795
32,-0.03585223426320023,0.7108831857659582,-0.24038602454847804,-1.9189505139706273,2.5704510783185706
33,0.42599185532860656,-1.5478825427631135,0.16068087523266952,-0.01465434628539729,6.222480074334718
34,-0.7014521840872746,0.6930043399238641,-1.7555872672543156,-2.8115297550138965,1.1617187387291386
35,0.6419968917265007,,0.16474256596754275,1.0503451788097342,5.720687924664206
36,-0.22446208363634948,0.04690549435871456,0.5254386314427273,0.4338529657173579,2.0155114894247173
37,0.27794957404268755,0.21073326208883109,0.6344561650511426,0.6130699226853592,3.4408831940402766
38,1.0315595239770021,-0.41791555595558066,,-1.14042956663324,2.447840498780935
39,-0.9841522994235234,-1.3261660781331264,0.800455856218464,0.15602656958994918,2.923861622115754
40,,-1.0475469663917185,-0.7831994446789713,-0.5901122520034933,1.2800845192339487
41,-1.2473519407492974,,-1.1276133445345617,-0.662671231110536,1.9985456916097983
42,0.10575185011524771,-0.23037853161120622,-0.17580253822345573,-0.6910946242910443,2.7274524342626596
43,-0.693074444097797,0.7363949309520477,,,2.0736242681289303
44,,1.0930173944105688,0.21451830896296972,0.22365811106499212,4.337655517612056
45,1.1382022752129173,0.41874241133723855,-0.11750372852699568,0.4585769689845157,1.4596376718826005
46,-1.9893701418396046,-3.0823289368397377,0.4565390298697596,0.058790362886633626,1.3835171155864023
47,-1.2357528832633309,,-0.7954180232626333,0.6582101423840844,3.4009926475741237
48,0.030953288878121578,-0.6214859338192718,1.122218722672851,1.0889019509681206,1.374139064500865
49,-0.6502060293145852,-0.5660204267568313,1.1384244859281467,-1.1729850716502954,1.3596655229072194
50,-0.5255732159107207,-0.7343998785716777,0.11329336348163759,0.20128003179260834,1.6463280456802445
51,0.04531540980312569,-0.45934295958265214,-0.5930771206416332,,1.5824355029911432
52,0.12512143537246692,0.7256037563507094,,0.2284197685361417,1.8201646932429916
53,-0.13885502429607402,,0.16698410019366391,-0.9507859140999586,2.8508541379178824
54,0.6899447503412582,-0.11066632625179094,0.04598981520526217,-2.914707182409333,3.5853165464099597
55,,-1.0101024820725086,0.1709247746808827,-0.782065808028555,4.009495383745136
56,0.03213074309075152,0.18360066210310208,0.9016304277404205,-2.229175631750964,2.6897577552175145
57,0.5889834437781127,0.5833681074504192,0.3911386557742271,0.28366767585411873,1.663224633843133
58,0.30011112999866735,0.16104601821370806,-1.9494212137274196,0.8105269209035355,1.9281078130093197
59,1.0377814346872891,,-0.6795301238151991,0.2368095280242767,2.275474817185206
60,-0.10731250361301227,0.2077091438529797,,0.07462974991405354,1.114737076953707
61,-0.763374254040674,0.046785927409169654,-1.7052679638583066,0.9769324556760561,1.6632768940257594
62,-0.43662986039182694,0.05003965818493054,-0.07457977504372308,-0.7836683459778537,2.040942658288027
63,-0.14157310820296395,,-0.12283721927389922,-0.018938596455965906,2.5299348417853187
64,0.40977256052656474,-0.44921537508737885,-0.1453756551110325,-0.2909061464962804,3.382475129781996
65,-0.19363797304301697,0.8045563614434027,-1.2400922699102668,0.9670415607967567,2.145330232294757
66,-0.2507014641775497,0.15019922303981204,,-0.3849261890771848,2.447581282575208
67,-0.9856009139974632,-1.0483889733777134,0.22843132391875184,-0.3764550735706692,1.420145597726113
68,0.7617303243645319,0.5561587284052475,0.550626732020824,-0.3120898461903164,1.742740359084293
69,-0.16461933030108214,-0.21920605068867086,0.45255347573880034,-2.790151498345785,1.7100738470658758
70,,0.687380854798595,-0.29804350436372956,,1.9787542287740352
71,0.45378174360165335,-0.6389328574783932,,-0.13667175716191776,1.7252162926638106
72,-1.3292759760952797,-1.019415520051622,0.7493200596034987,,3.413586674390971
73,-1.330431125654851,-0.6038339283847436,-0.6755300067022495,-0.5182723958319612,1.3964651938728285
74,-1.031194518585939,0.07758136358786492,-1.5663965638615212,,2.243848405190206
75,0.11620323623902581,0.2042085683485834,0.6200499491485786,-0.6105885891292323,1.3102639984392428
76,-0.7161420612273265,0.8748790969676911,-0.04602612377737698,,1.699269447312973
77,0.10039116549413578,-1.1764125756905266,-1.061997091473773,0.26373309912979576,5.454968334477752
78,0.1750621952717706,0.1110381881012906,-1.329538716967796,-1.2507648687391115,1.2431912835044068
79,-0.7455938549126703,-1.301587374336602,-0.2557617098484112,-0.24215416071439988,1.6641761763314002
80,0.6227784144518946,,0.556766235389584,0.21982049334793788,1.6209902742729039
81,-0.07236784101343655,-0.34227256455487753,0.03642055677464347,0.4584691904009336,1.1735811434531853
82,-0.7667567388608366,-0.15551739860574168,0.19074451710328344,0.043243980029168384,1.5114169826866246
83,-2.0869415834000034,0.045747239110576064,,,1.3872177247231192
84,-1.0932791517181297,-0.27464489425432337,1.040731045780786,-0.39566416310414976,1.2505211832781558
85,-0.5601500742409852,0.06532943183197469,-0.16956246847680154,-0.5929879136657008,1.1039177252830275
86,-1.149802235322555,,-1.1305988827328266,1.0530482650089315,1.1593106894896072
87,0.3434643572674009,0.2956962713244076,-0.9281293501964812,-2.261941859042544,2.117678371250358
88,0.25592232607332466,-0.8412701018358574,0.07713431479306632,,1.7383630703894775
89,0.2854635358711886,-2.168272569644651,0.48370573968317376,1.1465912274772594,2.708635370683429
90,-1.4199210529225086,0.5889850290469719,-0.5115166093706006,0.49668720021134277,1.7970533199077372
91,-0.16342137202088738,1.0266711644896123,-0.07422937221295309,,1.2943861715986227
92,0.4798079668787615,-0.937350655482801,1.141409593379073,0.2221513898988521,1.5967732733417637
93,-0.7187767979891176,,1.0300114607329844,,1.1053250748444579
94,0.0015207342455255382,-0.18196539364720946,0.4769481348212619,0.5029928439209814,1.6557165965368617
95,0.2304531731165902,0.9298703332846293,-0.2652467972887567,-1.1139174413272255,1.6965783248505373
96,-0.38616811285207037,0.695887319648887,-0.2108932048048755,-1.0995276943374324,1.7990842921625054
97,,,-0.2774812215273054,0.3400058284701728,1.5063696744148793
98,-1.9181169513048726,-1.731043866594502,,,2.460298731920383
99,-0.7349927313281547,-1.0197772407693102,-0.26671393809691624,-1.5119721316103152,3.2656703966401963
100,0.8558486903782336,-1.8739882705593753,-1.3908860894812496,0.4578213035089172,2.734460496170885
101,-0.13806795281064493,-1.0864888076948263,0.28469166018927483,0.8859408941299597,1.07842743049119
102,-1.9737379777350212,0.4925083291942577,-0.7625197177491991,1.1359934594454983,2.0986015965244142
103,1.1773463374732107,0.08041221884495088,-1.4384903329512617,-0.5313284856065719,4.717574317927648
104,-0.5908565096900046,-0.07726410902026665,-2.0057745567730016,,2.959384986647759
105,-0.5412473993546913,-0.0782357708478936,-1.1868016729299682,-0.9522561642714293,2.073677531037619
106,0.27995532775715554,-0.9545184858442325,-0.06570413746486034,,1.7528583059234135
107,0.8514352856979098,-0.0008912553748691704,0.791703854351695,,5.5216338576342086
108,0.1457890342154217,0.5485743587179668,0.3568849828453783,-0.2621023421977984,1.5178671854806831
109,0.7579706890340088,0.20010451305177682,0.2747268670319975,-2.0941910365123317,1.5296480444225313
110,-0.17970496168024283,1.092088207428811,0.4144529546955035,-0.12346982545949439,2.516769419088625
111,0.9196904876106595,0.4560034448790309,0.579544513193144,,1.3784168688254037
112,,0.38051882875988174,1.0425143699632475,,2.5312397065691696
113,1.184307397796361,-0.6459242163622025,,-0.5003630633020175,1.4711603691867703
114,0.4313617910127215,0.4792586369907854,0.848189113348968,-0.16829006335995797,1.411730560192227
115,0.021491026884626518,,0.4652495520237768,0.39068085215920795,2.1129824669509274
116,-0.6332052615064427,-0.3317314771781691,0.46748075652821347,0.7676105568063121,6.33637436647358
117,-2.5279677165662853,-0.35559084466903335,-0.20719312443173551,0.26575748763733265,2.166971516529242
118,-0.17606471226904313,-0.09703843883643506,,0.911347988025003,1.6409837836354795
119,,-0.0680481597797305,0.6521700740842459,,2.435375778449735
120,,,,0.21192546005707885,1.5491084716593015
121,-1.1108693735972237,-0.22272949671147596,-0.5544460758538075,-0.6100560932567962,2.1782679439585397
122,-0.8310773056226822,,-0.3602672614940292,-0.3669002738285872,2.315814936870721
123,-0.741108100356052,-1.730132749585145,-1.003637650505105,-1.446783216773296,7.365167344780581
124,-0.10483656764700339,,-1.0885236675711645,0.800817576367605,1.2103267306270367
125,-1.6258965757589348,0.8448242851034709,,-2.4068699856370372,3.130233318641745
126,-0.698154619821621,0.2106846480684328,0.3664802673932032,-0.49348722242258186,4.7353110442966315
127,-0.4516917851842466,-0.370636522358073,1.1563101762631993,0.805962411083546,1.5577972130784603
128,0.6184296769918579,0.10684825697194021,-0.8102613251456774,0.21889623311915757,1.7926891608820665
129,0.19002264287141615,-0.6932021909191677,-0.5910370659753642,0.1910553818242222,1.3137619405882164
130,,-2.120171910278009,,0.47324737849377146,2.413331221843052
131,-0.25949973647281976,-0.6079251206146498,-0.05328643517082753,-0.9388165532421135,1.9837022468694068
132,,-0.3887008773562529,-1.271449179761307,0.04854384343254016,3.095947615396577
133,-0.48138788362261054,0.729514467722378,0.30953816567165,-0.6946899838985707,1.3929687770680372
134,-1.3276771392748004,-0.4729768965931155,1.0193263772972598,-0.358903941816514,1.0791055765041657
135,-0.09022234701456912,0.0871198744053932,,-0.04201168885846546,1.5508496071737636
136,-0.1242494692091358,0.40703908406226263,0.21083990644299,0.18323264368200856,2.2517508538494067
137,0.1972938897718373,0.4179056054175159,0.8200622350975174,0.860004207540862,3.9629220121452615
138,-0.042656225397636915,,-1.750344356426638,0.748066401074224,2.72820877975643
139,0.0725258200160627,,-1.125891790347655,-0.7645779143636867,3.122288648651772
140,0.1550786426037353,0.5118929404158529,0.4448832746905,-0.9536994065570586,3.1046860198555777
141,-0.3902737501354302,-1.0207321818393105,0.07174266113535671,0.30572888693686845,3.6712380593738394
142,-0.7424038983879151,0.23284807160878263,-0.9782291942624332,-0.40402659956181464,1.4523951183352293
143,-0.5722266462015692,0.9420287251987641,0.7960335239812864,-0.04500735442346085,1.9591111992684969
144,-1.6509318006811644,-0.7078316587742893,-0.43536323905756397,-1.3259335637037803,14.53159184567351
145,-0.5420175375706979,,1.1619865533741613,0.5486490483502825,1.414498414023944
146,0.38611469628290457,-1.181168652523122,-1.321063676471578,-1.0142069666133902,1.3803688426231309
147,-0.8703100344805471,-1.037103036145208,-0.16775488452359508,-0.40790041835154484,1.2387500096096418
148,-0.10785430220065692,-0.4154995170198713,0.07695130552253684,-0.5386992644384303,1.8572600857832664
149,,-0.6997948924094555,1.1996970076535998,-1.6275346305669118,1.7379883898580686
150,0.3402347644936894,-0.4249484516042283,1.00997397274542,0.8084164005287383,2.448525505098352
151,0.36495453805703376,-0.565491518388994,-0.644514492286772,-0.17109169495132795,1.8214452703910071
152,-0.5446572685379995,-0.7422089525025665,0.397213195977817,0.6153178897995998,4.66883205853227
153,-0.05402071519135075,-1.053703437118539,-0.2506981543773205,0.46864340064005666,4.718527471179184
154,0.2500731623652999,0.9298356031104673,-0.6372972866638804,-0.33920991813086304,1.301043267726087
155,1.088415039026873,-0.38689658390492576,,-2.1099484562461925,7.67745922056914
156,,-0.6109411075026215,0.8184474366833021,-1.8240017254643361,1.2560240803270284
157,0.5818273011025107,1.0711977579385528,0.18097680535744726,-0.3393512872925825,2.0650766907225133
158,-0.42846508873846434,-1.1142344097405923,-1.149922682622993,0.43675100557045643,1.369565557153321
159,0.1644279315877165,-1.8289852350938476,-0.135849220385082,0.19878452835170665,1.960392608998164
160,1.1444448570021486,-2.700354355949842,-0.4424656261136592,-0.04896345997019446,5.967068603343817
161,0.25174797934010495,,-0.0814900207397319,-0.9862095112257644,1.3131579764910026
162,,0.08769914750423233,,0.45134196307143293,1.9844925769494295
163,-0.7331014176710141,,,-0.3291628376523606,1.7410784840099747
164,0.19483078424300296,-0.5174136148826701,1.104300934840715,-0.7210739277190514,1.239693473946289
165,-0.3492385503366289,0.5408971223682699,-1.3931502945594,-0.3078825965776188,1.6708288897662187
166,0.41263583464779696,0.1438424194420237,0.675174393431399,-0.9188424397836968,5.8242357878116175
167,0.14723038814434994,0.9002553713603608,-0.32176745984342253,-0.5263404484616745,1.4742380771286103
168,-0.4826638940827245,0.10340449812971739,0.46638764005730526,,2.0126191778920353
169,0.3148024599612929,,0.9063032208518728,-1.8528888177338672,1.55594538081293
170,-0.16392453165229268,-0.10566674759059355,-0.630375495852676,0.06375616593618581,1.370687368592235
171,0.0017390001928413777,,-0.47750189516075053,0.919681341807542,3.481981841445334
172,-0.6867003730296204,-2.094457017039722,0.7447818970020246,-0.08050518669930906,1.2502094789775786
173,-1.0223881518709081,-1.7753794141104213,-0.9233262534829901,-1.9928985557494454,3.668770484180422
174,0.5730889043122919,,0.38100778045082123,0.6778053737452101,1.0775631532344248
175,-1.0518675933471873,,0.5928680812268865,,2.2595634811047245
176,0.44703335522452753,-2.1113616442839165,0.2213584912727178,0.4193170785846021,3.0812235163196027
177,0.4274676396809202,-0.5231468591291647,,-0.9871600120664907,7.511895984187634
178,-0.21006812435767283,-0.33780381644782126,-0.05023764980160742,1.0673283948164767,1.1323222114734979
179,,-0.4150512287876515,-0.5085448945949259,0.47119898425089607,1.1781070649206122
180,-1.4625202830184885,-1.0948204955070615,-0.9484625392426428,-0.8516854838699629,1.7894663852689416
181,,0.014782859012498636,,-0.7050441620709245,6.437143849437062
182,0.7255937698698623,-1.5763887500879332,-0.10870932643495257,0.8998819465658842,3.6900344255094875
183,0.3716063055268978,0.7481208532878028,-0.5782592138394491,-1.4942913237894762,5.783727521794409
184,-0.01906336641673352,-0.1866655081971022,-0.6617134138750493,,2.5522968170336267
185,,-0.7293042084211663,-0.11408990419203736,0.29413949781365467,6.63331340950346
186,,-0.08296518520799666,0.4218734020788588,0.38663428640905034,1.807272869048786
187,-0.4281239000029288,0.003171291533066472,-0.5581359140119216,0.05076056262405159,1.4919980652100755
188,-0.9488085881962881,-0.6276122440535793,-0.2648717562839231,0.1322131348103691,2.879368685128942
189,0.1911337002516624,0.26781391202010074,0.5956444620702837,-0.17118249742319666,7.548147746980009
190,,-2.1247987690115644,-0.011107598378297275,-0.798202648103986,2.857847338285943
191,,,-0.20570921677809206,0.6713807902447279,1.3871916031731644
192,0.9473913973813058,0.4971825457473144,0.3879650843762188,1.0484907562030379,4.684466606334709
193,-1.1499745277075553,-1.4576452533313013,-1.389031928371987,0.7259655555650951,1.7237961893713005
194,-1.1139035888604565,-0.4139356078854137,,-0.2613910589876495,2.656870123589494
195,-0.945913754274,0.9781713765583049,-2.455618138223496,0.684950126541756,1.5517641432630493
196,-0.3652603896619598,-0.6336518829180907,0.6475134532181426,0.28162531872137303,2.4967856031295383
197,-0.628867686873737,0.5567283363880458,0.07713050661888698,,2.0600108936944688
198,,0.30073943405026005,-0.11005747124639144,-1.6387201683351524,7.4788561711483
199,0.2919871975762695,0.9202840117510566,0.16127220764301523,-0.4908722048854022,2.036988026084876
200,0.9347624359315219,-0.4958660225481148,-1.6126043250015951,-0.2634644649785194,1.5121863940677933
201,0.4226496589820223,-0.17801387605196559,-1.6463544719819088,0.5132907782136857,2.003191981191799
202,-0.2832278837072138,1.034877130710096,-0.15512752198509275,0.8942589469069782,1.8525626074737223
203,-0.5378170640868015,-0.10522139099842964,-1.9212703601952752,-0.4670021754664939,1.128934725969912
204,-0.9680964643371489,-0.5677612131307856,1.0297916803836227,0.01432039222080369,2.716856803301533
205,-0.3415039396125621,0.8647839416187825,,-0.023703632291500666,1.39839639772635
206,1.0060027269364387,-0.04284966680928228,-1.5010777465706093,-0.22354020582403586,2.0428297725620483
207,-0.2510635771327962,0.6238292899356757,0.1979933203471895,0.1019184799260337,1.7700831236469714
208,-0.7466771673900173,-1.1438339868213259,,0.36975943005820006,1.8325111240093452
209,-0.5277525636058298,-0.13823604330478548,-1.4773910786220914,0.4524953029730549,1.5773242264553256
210,,0.8781918941298094,0.9671049202037425,-1.2005020823155965,6.864804040293234
211,0.810149624025482,-1.0041001081923366,-0.5632816089902934,0.28943931889614777,1.163306917600642
212,-0.7148535392239688,0.7329051666729819,0.11263901872914607,0.25151402453647237,1.6315526820807853
213,-0.5638568442747036,-0.34114930611162075,0.536090533501712,-1.0136806363755928,3.2123590523241123
214,0.4831972805925846,0.11586261890218003,-0.4065904096395142,-1.222420680206552,4.337219006580123
215,-0.27359595339438053,-1.6145206609238687,,0.23528492323385752,8.508467464997523
216,1.1013306819572484,,0.06253706781796693,0.7843528666719014,2.336324331673435
217,0.5820786748472848,-1.306651818609645,0.4954975434998178,-0.7962370072768767,3.247216086827138
218,1.022237419582414,0.7226828540046011,-0.8164835344642521,-0.09157224216488169,2.018346382040476
219,-0.0490311480647246,1.0275020191451478,-0.8992599343335161,-0.1443011620318939,5.066612408540631
220,0.27197214846485784,,,,2.1528519871958247
221,-0.08915524743026203,0.4057259549863192,-0.24809995125824336,0.11691376515541894,3.621627323188185
222,-0.1636709511967337,,,-2.3597177905545497,1.5155512965164633
223,,0.9367806203992026,0.9861030870600478,-0.16687271577359367,2.3112435401630056
224,,-1.5582574244352057,0.5140068145867752,,2.496729369589324
225,0.526226433922403,-1.1033687452219856,,-0.8503626500784061,1.220213696110527
226,1.0444056086905764,-0.25207999665775876,,-0.7248658926611582,1.5258775067872943
227,0.17770238793236126,-1.6342391796371787,-1.2576845600475233,0.7287339307285557,3.2058424622773165
228,-0.4006991164915098,-0.133763664614484,-0.985608017000978,-0.6448553530932222,1.5284232838789802
229,-0.1774312392202597,-0.9972204532968868,-0.3512952256200374,0.567047395454907,1.1583192256433321
230,-0.5385797864018724,-0.8470240820808564,-0.41530008088752574,0.7230981498760783,1.2813412813142144
231,0.1130867073134737,-0.059479820917655635,-0.9157878436177882,-0.6320900057443709,1.6800273366480063
232,1.044455247917383,-0.4048325090423919,-0.028315522389636468,0.2763135315174596,3.3836516079211525
233,-0.1401671675634056,,0.10472255754867972,-0.7465567742398534,2.491760990361378
234,-1.753018850258966,-0.5384840185633539,,-1.2659150644116222,3.8579431447897194
235,0.8566054048689605,0.4294336792059474,0.6755407854703093,0.8731851933718963,1.915656766159108
236,0.8846219699900826,0.6685734273587108,-0.8554644092156256,0.3426261552874485,1.89801293151474
237,0.11583962876196792,0.3812477583403209,-0.618913367281115,-0.45205465960591357,1.6708236772666796
238,1.123724339174124,0.2750453092999314,-1.2656547051741256,0.09975418765994548,1.4541050809673095
239,0.6779915545735332,0.36603713318928355,0.38606697115803734,-0.08125661619657301,2.2934929583538004
240,0.7184240367844622,0.2914813526805471,,,1.6718495474626291
241,-0.15339062192865607,0.2008790105242209,0.2425200814084274,0.2803569546032804,4.230732250763813
242,-0.14134108554795607,0.1682614386638186,-0.9834592253024759,-0.6990316279945367,1.2481153472499664
243,-0.9486462337181012,-0.12413388558557777,0.39783881423501344,0.08215571569456459,1.9151857199790516
244,-1.7468048666235836,0.15661181209341415,1.0098020715647105,-0.42761246245422824,1.1813825944922052
245,-0.1419466142684039,0.642632329188878,-0.24919846773136875,-0.25173853859201917,1.3468495050336822
246,1.1770714186362,-0.9643287246438405,1.074674748885218,-0.7907909257838087,1.1307138428291015
247,0.01612430695450346,0.4142097209697857,,-0.27425718315839986,1.6616397614589289
248,,-0.47105667286068226,,-0.2986016880149062,2.1610372480119038
249,-1.5962585072618072,-0.7052695052718999,-0.9479879311084336,-0.4297605048956435,1.292395131087727
250,0.43857176141526183,-1.0999507772021018,-1.6863351178436563,-1.1039339713801926,1.8362189112735203
251,-1.0292342419215157,-1.4088531297740066,-1.346016027443687,,1.9913004883049479
252,-2.763133806128378,-0.3033302898685865,-1.4636360606445,0.05136737692879574,1.361431374766826
253,-0.10251039032541116,-0.6375682706483432,-0.2211402093704079,-2.7854226933765562,2.3635911130046923
254,-0.12117421653629123,-2.0896476801600907,-0.34002072976047004,0.9475591336584114,1.248939666162021
255,-0.7839915994684101,-1.410233011078163,-1.359201518485373,0.6004258820268924,2.809469310271134
256,-0.017081802910468683,0.6751268587376987,0.13200659269467196,0.5163071316372345,2.2649623860913106
257,0.723368576388874,-0.7759372553082439,1.0519567559327236,-0.5496847450327477,2.350640511042872
258,0.56444162293555,0.6883281385709096,-1.998974256496825,-0.40384699385783085,1.2112023587577843
259,1.098614863622521,,-0.35203146004669744,-2.0548725615398116,5.054567803903498
260,0.3602868402618096,-0.1402075824573295,-0.26910585859985137,-1.3043237122308382,1.6823191957349144
261,0.7102476230168691,0.052308823827187656,0.9702446601876331,-1.7207153361296348,7.582864707866509
262,0.32476807583058215,0.29670673774106904,0.19236011278182674,-0.22455961528327675,1.7578641761766307
263,0.8921164745405991,,0.9086853234933695,-1.4484795784110678,1.3303918150264424
264,-1.0929333027285661,-0.3791868427701627,-2.2637702220442923,0.02915989386041908,1.6743349693996192
265,,-1.6989495748033703,0.12018396794478356,0.45427824965375213,6.560983223019291
266,0.8854718171048331,0.13829876027339305,0.3894358907954311,-1.6261888714992132,3.489682814823257
267,,1.0605525733058756,0.40722946046422365,0.17217142514718775,2.1003868102156127
268,-0.0200346144777688,-0.6910347018412639,0.6579054487561541,-0.7901118022057001,3.3130702758872754
269,-0.31693383397092506,,-0.24348220465411938,,5.046674901879383
270,0.07870685133641413,-0.9766873582093414,-2.294368604839168,-0.37517550453308784,2.136233275410968
271,-0.7661402502592681,-1.1769738562318037,,,2.194544067571771
272,1.1497372341707828,0.763534202149775,-0.9566295797063439,-0.7612581661459976,1.8028771525647183
273,0.2403560637949055,-0.35614738660489736,0.6387353467402914,-0.8120156527275703,1.6745372163787113
274,-1.656060406471471,,0.06990106830351113,-0.20849640456633894,1.8835195038900725
275,-0.7740779731358195,-0.11824511113965507,-1.057244383175502,0.7334870673712155,1.7464467386564424
276,0.7742161972649991,0.5301714234919357,-2.540565430799657,0.12140896436701686,1.2887365084905043
277,-0.1666837152344202,-0.2629679763456031,0.8174364882476258,-1.325686720891652,1.7011320390387321
278,0.046291273162407505,0.4255435819766973,0.2232319726344593,0.11117508056050641,2.858691615189082
279,-0.9220225409394859,0.3539142765829776,0.07858411499657769,,1.8243633053035717
280,,0.6721639778423267,0.16542927233456542,-1.195119616320197,2.1141539132417995
281,0.8056692632393355,0.7024123160397311,0.7015923375923269,0.7821741474041646,2.3860439481509745
282,0.5185914938263262,-1.127622733426958,-0.6310940378384167,0.8262422413020909,8.371099166076515
283,-1.60911518605962,-1.675497040200684,-0.232988360832632,-0.4792848536202829,2.1270079226636316
284,0.4862313622067255,,0.4826999758553565,,1.6295797013735906
285,0.32956652487304594,,-0.9948542022767034,-0.5462656579775228,1.706676681192521
286,0.050063467987271605,-0.09466224337579791,,-1.3971813348704232,1.8521004893030422
287,-0.39226844225742274,0.027427641360713118,0.5498816139952073,-0.31404803678905924,1.7033680650329852
288,-0.938841275106884,,-0.9320938476685292,-0.6689361894913651,3.2096072291850213
289,-0.041179875765029336,0.23354182651228192,0.682887470407698,,14.291084781343798
290,-0.9650904411897777,-0.030764062900713894,-0.09656897344191087,0.3830353097583223,2.457568785958438
291,-0.7021802332542214,0.8676408572782126,-0.5369106569742578,-0.9722048009336882,1.2961008248227879
292,0.9959206379628524,,0.5294420733569215,-0.10878702767622088,1.7655365934210798
293,,-1.0393318794461697,0.07875016139763233,-0.1563913797052109,2.159274612553296
294,-0.41376430672951675,0.1816316062166731,-0.7806049878041941,0.041297579683201635,1.246934386731187
295,-0.9575974385156426,0.11322836710609478,-0.15099521298162705,0.32256800129852453,1.2883105790306182
296,-1.8803004246811463,-0.7895529021882841,-0.12522538600870362,0.4226925871232482,1.0803507758241104
297,-2.9947585567621746,-0.6372138279051126,-0.8664610214440037,0.5884162388592842,4.946596556198724
298,0.06126932347706696,-0.949309332549951,0.3840418457168282,0.10294406203927112,2.3962877265689175
299,-1.121612170237883,,-3.939744625910952,-1.8898269055289827,1.5049890968549389
300,-0.27444723931070547,0.4263465823825751,-1.4623418007921283,-0.9859522711959172,1.583869948062463
301,0.5242212327600149,-1.133434767671104,-1.8697601250645628,,2.173246081258606
302,-0.05958403922549,-1.4957901366670086,-0.042283128259017956,0.6543551275020627,1.1677027129137936
303,,0.4433959502354014,1.1843200204227546,-1.9925053742267278,1.5908391569379163
304,0.6029829689662163,0.5174959470765946,0.09555089762558765,0.7785364132820372,3.212173686601848
305,,0.7685936661276203,1.016770551993287,,4.814703652204505
306,-0.5198508112133078,0.7508681314167364,-0.10431072195853225,,3.443579965322266
307,0.18615534505986372,-0.35491085021441243,-0.11516720042783953,0.4157167181622151,1.3589469242508634
308,0.9351723494497245,0.3385761274083796,0.9856715273990757,-0.2542764593241548,3.641287746243111
309,-1.733320256862945,-0.35927441929509224,0.41894129708802275,-0.26638540970354285,2.074707716607165
310,-0.21258999550877278,0.8074668233224505,-0.6684883396980928,-1.7714560214986073,1.5371680119775446
311,-0.7236235958302295,-0.28640096848658997,0.784066999563742,0.5978191879776964,1.2279338233542871
312,1.0590169579251796,0.33732578807042873,-1.4625749075888617,-0.35842277527825084,1.4837110482291782
313,1.0078070116490838,0.4565106440266671,0.041776939567737155,1.163947795832128,1.6905128390146653
314,-2.3070610852647664,0.7582682159046071,-0.8861330512946536,-0.9947180833555361,5.234704435089846
315,,-0.4872858092463606,0.45055003822524614,0.38110432442955283,2.2264558132185233
316,-1.5645896668443575,-0.6711631486311913,1.0419707501664173,,1.5093685960770697
317,-1.2965100370464715,-0.8503355579419463,,-0.1072354595812496,1.3839098104287495
318,-1.5496087133587868,-0.3954616279990447,-0.1499421962355264,1.0759630739461084,1.4938604089445264
319,-0.47318079534701124,1.122713764206144,-0.4713348391927968,,2.4971579557218218
320,-0.19497581252540433,,0.5474693633586417,-0.4204141516183004,2.4112950140579033
321,-0.16848604368651743,0.1805015441594563,-0.8000727098038319,0.296818427035979,6.110576511420619
322,0.9240315768063123,-1.2012156548759696,0.7025864529277481,-0.854930388529468,1.838011627865144
323,-0.14885373882232592,0.6813862551040966,-0.5158853784938144,-0.184823004327393,2.231686025111058
324,0.6361312800758032,-0.06225051633501246,-1.3915473985831237,-1.3073555403875432,2.003927202347385
325,0.09150564295626382,0.46364919585702763,,-1.7507214356021854,1.1091189020595982
326,1.0272192621888727,0.5234439605072224,-0.11363008044714655,-0.7063401147457115,2.533339750137335
327,,0.9915687914247586,-1.084012270300644,0.3906541655592589,1.3359171093478526
328,0.9804141318277276,0.5050582308242122,-0.5477411367685293,0.053401034739911604,1.3064207699142822
329,-1.0298122204235445,-0.8096955372114426,0.09952570636339639,,3.189004654797136
330,-0.8988555414184716,-0.6340218965136899,-0.3818873429316285,-0.6674409467722169,3.7009731538418604
331,,0.0025797259561059533,-1.9143131132776676,-3.9888967659639967,2.111249296448813
332,-1.0060803728318461,0.7327507189723482,-0.5418468002967008,0.5550666579185193,1.410228860510002
333,-0.7451554026226643,0.5770863457976334,-1.2047405326107352,-0.11016389297851714,1.6364062896452491
334,,1.150885658162879,0.25269236422676217,0.4631553431162902,1.6791273907976474
335,-0.28788793641046695,-0.005618841455540942,,-0.877674771527556,4.0898846613606885
336,0.38362787706410995,0.2355858438313041,-0.3572470359994302,-0.4899212101975506,2.9618439442009077
337,,-1.5019950844646648,0.06262101829620241,0.05476234406187747,3.1554321507288816
338,0.3791020575988452,-1.4114741837081335,0.41836331674452426,-0.25175557691450795,1.6267087072258557
339,1.0434740048282822,0.17554502629832133,0.07298648015397076,,1.4509191069772869
340,-0.40428195439404224,,-0.15675010702725742,,1.73401215484275
341,,0.08247386887786917,0.9540449916870251,-1.0332009004665301,1.3477301854686008
342,,-0.19694111378795634,,0.22089163371904552,1.6736760473985905
343,-2.132800651139254,0.17714508710345292,0.9996634044404753,0.5943426240218028,5.103402156517448
344,,0.542783471368612,0.014750950604413745,-0.9633981059457456,1.2919670109221442
345,-1.9676688211178586,-0.6934085106673986,0.7437747460522048,-0.42349691489810665,2.590047764242093
346,-0.40715079039019914,0.692044026183778,-0.014471352612568388,0.6107955646777279,3.024534908143668
347,-0.45622406694973094,0.7754682524064659,-1.088147280862188,-0.5755775608926945,2.055447397067346
348,-0.1087293300294604,0.859769989699562,-0.3677959921935999,,2.150714961016277
349,-0.7639685592262536,,0.5947634143787653,1.0870199274955037,1.738178145208085
350,0.9005847205937195,,-1.1882190360775065,-0.06908733153603507,5.670075357471844
351,0.4385439607284037,0.6375924803294646,-0.943079074237203,-0.685759129108262,1.4184294435799205
352,0.508935956788178,-0.7167543694602931,0.041435744766040464,0.02920454265152742,10.917573401363438
353,-1.4018497976841995,,-0.7381552116560594,-0.4795954904587094,1.4401531722833
354,-0.5023226925552201,1.0834357370454049,,0.3375195902293953,1.6065718818975392
355,,-0.057369603213149364,-0.5466453252417101,-1.6945858005478187,1.9364529021236603
356,,0.1343313703869007,-0.17891062225998935,0.8130807274136476,1.2893224804757017
357,-0.5016245353317599,0.7138390251888681,0.5857280087804928,-0.03125633921505889,2.8345978972374786
358,0.2693814301044628,-0.1380988403393099,-0.5022169750333564,0.5856447632876802,1.5768347720276852
359,0.41509573633642977,-0.7351034824865678,-0.2170647165814915,-0.24472380498880053,3.9288088042697966
360,-0.12386128512117195,-0.9126649131528816,0.8400823903863031,-1.01944579210272,5.528819848300662
361,,,0.008906717700673101,,1.1748112757429015
362,-1.3608794997121885,-0.2340255984165421,,-1.9363788233181067,1.437639668926272
363,0.4039734512035324,0.7238922691694043,,0.49830901997035765,2.3480617284029615
364,-0.1231897214555836,0.735719505529964,-1.2902265726641549,,1.1884535987018583
365,,0.6849735772769129,-1.1327913829229734,0.2580548048688764,2.0000622460311313
366,-0.6836721091120601,-1.033571929841905,0.34443460866603853,0.31540392630313446,2.456354696828843
367,-1.2879572661951149,-0.864345993889323,-1.6489460222190238,-0.6076363350574003,1.392107148439579
368,-1.095238092503241,0.2648987549283459,-0.1976239144522985,-0.3308057256681118,1.088258319844631
369,-0.38868908608088965,1.1754631127733295,-0.5497441416831337,-0.9933304983053011,3.061852825231216
370,,0.7766004720746371,-0.5608637991571911,0.40606402658172147,1.1320388114452213
371,0.325439726369742,-0.38459431383478976,-0.28594803036339445,-1.0011920676831458,1.3886295404940652
372,-0.23805084285094635,,0.8266437794334253,0.3105948189489934,1.1938740110033956
373,-0.12794992420163753,-0.2909157875192482,-0.10562545303391978,-3.1615973430805906,4.533091506038264
374,-0.7438863453539323,-0.08652505411980992,-0.12176140819869606,-1.6033137468267868,1.0933514381230394
375,-0.5812744828343307,1.0001933490520352,-0.2559104395076439,,1.596681883510635
376,0.27514837164372585,-0.3943284160217932,-0.5862715542985463,,2.2807923812325885
377,0.2569729239549432,0.050638364297525724,0.7223568845616661,-0.3738985544820846,1.6040739024466042
378,-0.1442421422668641,0.2995107154137511,0.8753170166242851,-0.09853256051964339,1.1685983080851623
379,0.7041450668220076,-0.11348737506697217,0.3749831264180933,0.8243964914223703,2.047672008892894
380,0.5371814962052284,-0.5775725902147865,-1.2245724404583538,-0.9848014374917319,1.1863597969088324
381,-1.6925953643752187,-0.11656314215282033,-0.09245884453686111,,2.149612539099473
382,-1.2333699329184429,0.4200245504390991,1.1353375172300724,-0.8944679353450692,1.600552130390085
383,,0.4767012206205636,-0.512876584733968,0.2563448927625772,1.5506123032433101
384,,-0.1916349385979548,-0.0064421348355413474,-0.8105665078812754,1.9475009353224895
385,,-0.9914822293998332,-1.1930338161892908,0.4386666375057373,2.2961384327226906
386,-0.24924334563413714,,-0.8127812893886079,0.2965127840984576,2.170869507518782
387,0.9232818460553712,-2.1091104718388625,,-0.9809430191284818,1.7356603958398038
388,-0.3273828259618702,0.7892140519514961,-1.0155794257770727,-0.4116072065311812,1.4151797374767239
389,-1.0574592172356034,0.4019578895573196,-0.8245564200694276,-0.2789203126864672,1.2311799072325649
390,0.8804482145582508,-0.21899571225710354,0.7365469466659479,-0.445003871541471,2.3819497512308594
391,-1.0381261988968897,,-0.6133533298729923,-0.7837273009809123,1.1482238780569805
392,-0.19475892843776008,1.057036118651062,0.9983043658173676,-0.2225608980264213,5.318176311070654
393,-0.2931333422657981,1.0759618357759064,-0.8969988929419956,0.8902127038273272,3.4993895319434936
394,,0.6130708420288573,-0.4077405367470977,-0.827673497199043,1.6057741843287026
395,0.6765719212820629,-0.2536972357147847,-0.38705735935059277,-1.5792574315091787,4.037676004970477
396,0.34425265669821126,0.9664661317747554,-0.6830177719574274,-0.6186669609241044,1.8979267527470587
397,,,0.16006236182594638,-0.8277215939529772,2.773769289192221
398,-0.08882409208127974,,,-0.49661484003784906,1.6332172862002046
399,,0.3938764834212349,0.9085088787955964,0.6401115009932982,1.0450614193012173
400,,-1.3408908402834878,1.0698122060871105,0.1767358904869545,1.7077206705382233
401,-2.168410158623556,-1.0667369419975006,,,3.266953741748811
402,-0.8305965325904748,-0.27534586086442203,0.48219019660011003,0.9494002741107234,1.3839852872959866
403,-0.9461184982470747,0.005229866631445792,0.2253931946311674,0.44943993144496425,1.4875722394136959
404,-0.08360571266599086,-0.6896983376144822,1.1296065233902128,0.3642502133996204,1.7678337368867951
405,0.6690585686679509,,0.10324409024154559,0.31533329821525646,1.0468372618703214
406,-0.7839009591363452,-2.3430279096037596,,-1.0093537852736825,1.4616157715312879
407,1.1639702855884937,-1.0137293883830858,-0.4967295516289747,0.2615805904965926,7.28283367825458
408,-0.7800620404586912,0.8277511025803568,-0.614047051676017,0.4566757777129886,1.6729970720199958
409,0.9896800131978656,-1.3107968344490035,-0.3032138590786054,0.1666648653235734,2.6999895240940304
410,0.4642628145324178,0.4462125589673324,-0.7222674549991699,-1.2112981954270345,2.715839313539348
411,0.5050921957916423,0.35353461086746985,0.04947851243103564,-0.3846244654965367,6.355764298707737
412,-1.949738220692092,,,-1.002967661904875,6.16551479793934
413,0.6473403352207061,,0.2124496285324105,0.992910598211211,1.344622180567358
414,,0.033657724512310666,-0.571133707645093,,1.9704746899943988
415,-0.43188880031746296,-0.54041973232282,-0.9680575966498373,-0.2993498567337072,1.049740146193995
416,0.6634331783589867,-1.3100217663525384,0.149978030142204,-1.3277913856573984,2.357288016167378
417,,-0.6809597896757693,0.6723924987564187,0.13788418518121653,3.7997259868421325
418,-2.1667323828495624,0.6506913963809907,-0.20260392169792216,-1.3582086284464612,8.708347965591066
419,0.9804535011716714,,-0.6470803029916878,,1.0937647739723786
420,,1.1609387923205425,-1.1116648397129227,0.39332384517365127,1.9670400722495875
421,0.24291886182018485,0.44403982429134303,-1.1238387614665795,1.1119420300887068,1.1068523857079908
422,1.0299190069675255,-0.546310857823772,0.2085432779361254,-0.06770990834914077,1.2438888461915718
423,0.18038424945782333,,0.22046961733069204,0.03256921765739429,1.9197587544221792
424,-0.10831863916664183,-1.6950493826818922,1.1384891237353345,0.8843402684606805,2.4058290570687246
425,0.08312174955522157,0.7187217132456212,-1.6421025008763592,,1.9232502954183825
426,-0.6890834668636894,-1.6204146863902318,,-0.3796280067991133,2.5803894982432762
427,-0.24621249164531167,0.973797485208605,0.46770430278693303,-0.02047060017358734,1.3051164164715932
428,-0.41297829159797766,-0.5170294894941959,0.8625874006672322,0.4858872608185495,2.593062086294146
429,,-1.093213201393509,-2.0376250420352884,-1.824874525027205,1.5783537343695464
430,-0.5776837162358774,0.6573524941245295,,-1.9329695513744691,2.1880543152420455
431,1.0191577254895914,0.6250059346844545,,,2.019160493012701
432,-0.5116206451944594,-0.5525139377371548,0.7918276323584442,-0.14178360289137792,2.537591661846687
433,-0.961218695198202,0.10560748683196215,-2.421600698954163,-0.5497351680505124,1.5649089650818144
434,-0.43537270991738203,0.23522069590132927,-0.6228734335193975,-0.2850901795960188,1.815916518641679
435,-0.11922360264429925,-0.32488278777968554,-0.7761755682126218,,1.6874206950164203
436,-0.5559710656695427,0.35797738371171295,-0.3928153724897175,0.9650932687968443,2.254428868906796
437,0.2995063624020479,1.1155721071148317,,0.35065069582833225,1.7545208570817725
438,,-0.1633935889327589,0.31209807669015643,0.018972892718047852,3.402334558722063
439,,0.07435955161032173,,0.33283255033328374,1.415592653336427
440,0.4110405994308256,-0.3895936429354101,-0.4574869366312134,0.5406356194286543,1.9998776587154592
441,-1.0481555401164289,-0.452587693673333,-0.7804943659706123,-1.843712257560863,2.178328924177068
442,-0.5142131450890284,-0.6537892542027899,-0.21915938308117083,1.03753161717101,1.8398314857168039
443,0.46705281041969454,-0.39262567991858394,,0.282802115580749,2.3348512040707754
444,0.31456239142494136,-0.48971872434466357,0.5982037542710956,0.2634460171675318,1.2017950814819927
445,,0.7476685718378896,-0.2456932248188573,-0.5003742269041548,3.0307376749814345
446,-0.16484158743666028,0.6808887348272286,-0.010841205166919126,,8.37488857487779
447,-0.6012770611273812,-1.4365991662736504,-2.574562257612455,-0.8045249870929554,1.76235770113809
448,0.5710348630535309,0.14403600135922887,-0.9418936291366491,-0.4955621137549118,1.9876204914283369
449,0.14968371340756179,1.0618010302975613,0.22921526205979675,0.4680729699556915,1.7441545518083674
450,-0.46688585480846506,-0.43594918183425124,,0.9216715961800093,1.258220489542965
451,0.3945430914022903,-1.2175886773526692,-1.4723148759561533,0.3686476783225538,3.416970059044942
452,0.3881642674290292,-0.8641009598691934,0.6707848235345564,-0.21635655594747852,1.0737431760812297
453,0.021564919430161977,0.007296827840324439,,-0.4742200428212735,1.7722763188957034
454,-0.20997125803539715,-0.5345438724474433,-0.09470005162909294,0.2267862525988367,1.9811475713003255
455,-1.6660485798388538,-0.8126558302527204,0.672162975599708,-1.261678693545072,2.0429420479083893
456,,-2.1241544357910964,-0.28270660957588245,-1.1141843664557376,1.863327318059057
457,-0.1416868656339204,-0.3986861874777915,-1.804957228982275,0.7036138026527967,1.6331230601441598
458,1.1935165419813452,0.2896171633918533,0.8963736869244574,-2.2296167489357397,1.653841403654006
459,0.5263894255468026,0.6553732365649916,-0.34777685568264527,-1.2728026768039327,3.6131645496947424
460,0.011154510856773903,-0.9656166092296385,-1.6032825062333103,,1.6552680459141007
461,-1.3932617448234619,0.9121882048538348,0.16558457549186156,-0.3018782754572926,3.034981793492801
462,-0.10405675611170465,0.16462228822752895,-0.690256791944112,,2.9271107344178535
463,-1.660999460076188,-0.8567228501753267,,0.38824696895982175,1.7895937816323428
464,,-0.7438438328045643,-0.9783754041163801,-0.21781000370372022,1.1631042989487645
465,0.6195562984605086,,,-1.444741809460157,4.826599426243829
466,1.1905173797963031,-0.18836499943705218,0.575065834102961,0.3956493786811589,1.6020916783995633
467,-0.3448167892373761,-0.4162064618931256,-1.2727675877137252,0.6398843717920585,1.7743170992550052
468,-0.17111447025740434,-0.6691964728111016,-1.1804154993230356,-0.6566114304032613,2.3073973974056523
469,1.0501389062219377,-1.7040076725717896,-1.763174002937276,,1.660180499843071
470,0.528588188724633,0.8851464911764545,-0.7423301051727328,0.48073944923074613,2.124242394166928
471,-0.6679097978779911,0.11581410792548602,-0.2939090478511507,-2.2495150804279094,2.3891378044928873
472,0.6723730712981412,0.12646001859081205,-1.3843742625964301,0.34132006233831025,5.551905988816282
473,-1.565516557796263,-0.849234377832709,0.5157283966258241,-1.049250177827221,2.172631983436878
474,,0.11648709799095536,0.5144372695497189,,2.7437410539050027
475,0.8492200719851011,-0.20698346254952596,0.8436790021495654,-0.08447930979248684,1.9417483205854356
476,0.9480779204790646,0.8781949846724003,-0.8614307084566604,-0.663345338191906,2.6026862631770804
477,0.09503225466652908,,-1.3066324933505464,-1.7575615950431203,2.4656584425577135
478,0.0947315571642966,0.6964351462087394,-1.0581805746611972,,1.4960406811798115
479,1.1102835170053709,1.0155520666952433,0.599958754879632,1.0788129336937022,1.1593033373504555
480,0.8033903973729049,0.06725551171361722,-0.5173328886395818,0.21462310144293342,3.061328147706993
481,-0.3880403254072697,,-0.4735114017386755,-0.46589928829230454,3.3117652574623513
482,-0.7778915729965088,,1.066669438486791,-1.5714211245226595,4.1090119265859535
483,,0.20829415173735297,-0.32041660725590365,0.09524014110401866,2.0294923489702326
484,0.21911093815860555,-1.8691468833247127,0.30736957347273175,-0.7499773543422403,1.3112044869265236
485,-1.1661818240388764,-1.3585130525208098,,-1.3107578795000194,1.788472014866192
486,-2.070351174167402,,,0.171190217643689,6.154629847113049
487,-0.8159011142744905,0.9133869293837886,0.035100086364718404,0.598359269739661,2.9540112207584093
488,-0.19890731320793226,-0.053870156927445255,-0.5691913332439923,-0.7618773664132272,2.5212165027557454
489,-0.2249960915765433,-0.9018210670350238,-0.9082232478103682,0.843582912607706,1.6476293532090387
490,-0.4506500812693687,-0.49358512730933524,,0.5880614925782066,2.6417793326666117
491,0.5791367482185443,0.7479357102150685,-0.687931054078663,-2.0939679360953827,1.0967276125435075
492,-0.6125515688596501,-1.0286045220130655,0.1257675036770865,-0.8620793626173859,2.013860091812518
493,0.9334319287791027,0.7341949173322397,-0.3955365219518129,-1.1630844449039388,1.690155600908363
494,0.08743397806030447,0.07529671927363872,,0.0798866336831387,2.7089744951444428
495,0.06135960953676853,-1.1336281951091092,1.0378824022879969,-0.6411915958833884,2.7224802932199017
496,-0.8784877092541968,0.6739863428733592,0.7015803228000406,-0.9748047361280836,2.8917024089591554
497,-1.2430716189999644,-0.5567153485850805,-0.06233276821314178,0.1178539048247003,3.312599596114138
498,-2.4504348636634146,0.3006714558816241,-1.1029980608603094,,1.0644772885198865
499,0.2613218963480207,-1.1252807993052927,0.22693098800411546,,2.7842007380637916
500,-0.21071201846289556,-1.8015948547492462,-1.956735728605162,-1.656403571238129,1.7676195545217355
501,,1.1387638367100439,-0.2072328927616347,,5.564204858567328
502,-0.581159408208806,0.3765212530861427,0.06778043540820529,-0.05876119007352427,1.5034120099738815
503,-0.9018613713707553,0.8785072666469167,0.3376871655478186,-0.2061244597084349,2.753653556595321
504,-0.2969138009871283,-0.28361318630528476,,,5.102011838506267
505,-0.8083620475754366,0.5551049151564148,0.43539817058758035,0.27938916173043277,5.140136017825065
506,-0.9921772198274232,0.6744432950312441,0.9514339839666927,0.86014070296242,1.4140899343600932
507,-0.17901908881275905,,0.09886617691735496,,1.7635924180513307
508,-0.42475590559682247,-0.9313226843033648,-1.1212009322354872,-0.8833767429269431,1.2783575254951627
509,-0.13332589255326813,0.5497034568371943,-1.4542967431419047,0.18627511118702667,3.940937539932124
510,-2.0698898245472557,,-0.8495378834733155,-0.3392968772978485,1.7928377086015086
511,-0.6013621663467562,,-1.9732547233287792,0.8323799222391415,2.3131686457163525
512,-0.766344069388791,0.057177960327744935,0.48546143638422457,0.8466619857807451,4.955978958558116
513,0.8606102264737256,0.4887431506398966,-1.642053043100154,-0.20842702286019393,4.378956311570083
514,-0.12325279047111241,0.10398304569524769,0.09845479779501325,,1.9289585116779735
515,1.0486945149448739,0.09816847028962321,0.8016266140126427,0.027286677199704595,4.2570050706023554
516,0.03141062639578553,,,-0.6404049083308234,4.038028674598106
517,-0.08472020319268206,-1.6098257551477797,-1.1503837194454656,-0.14976767269297606,2.6721392046718986
518,-0.13316723236191588,0.20165810951882504,0.9558575400417219,-0.2149463353039016,4.074556059652987
519,0.5924338161646729,-0.41889573684540277,0.20265250073355348,-0.7248988226562396,1.4515188961938355
520,0.5323000924953089,-0.16649078241203247,0.1018055839658102,0.2382171906624466,2.867084587030762
521,0.688954633446407,0.5752074743432288,1.0418904274244603,0.28503837106584545,2.061026800738314
522,0.6405618459562162,-0.9949472502660538,-0.4134150710068098,-1.4295055787394542,5.932969796762375
523,-0.6518985188917473,-0.563018368065,-0.03861479532398702,0.2556843286222131,1.4812664118554182
524,0.44553488157483473,-1.2201647202530939,0.09578547423179709,1.1461573829829261,6.503047745451456
525,0.14168777482742548,1.0645595241514771,-1.5811633661252011,0.38650093827152937,1.7417389105182453
526,0.263128558183561,0.31750475606920114,-1.2886946396061187,0.4253752799511256,3.659741249939701
527,0.4603544717418159,-0.8719348264648057,0.8377334587908847,0.2753131184964069,1.969421768531903
528,-0.39816962933105704,-0.0703152402033179,-0.18518830208189496,1.078865436120484,1.4187963572504279
529,,0.38329228778885094,,-0.410958990677982,5.375321402787805
530,-1.8560039210594204,-0.021158367540299153,,-0.36100856559131644,2.231181260095773
531,-0.08872720355046267,,,-0.056118863689034154,1.8920029753760597
532,-0.16477024425232706,-0.050003509693021204,0.04468713381686202,-0.29575493434970346,1.4623040632829762
533,-0.6993701340119901,-0.7173762197556941,-0.7391569439009895,-1.3746352150263819,1.2674794521293307
534,0.033559953610608706,-1.1829225555929501,-1.4063692657227185,-0.765376363244893,1.813463298585798
535,0.5190513947517716,-1.0836264684689656,1.1703070431374478,0.5314494613641242,2.308086601887241
536,,-0.7256700294706087,-0.5367526470102317,0.5946441456581566,1.512305149211313
537,0.11842603748347533,0.021305746538209592,,0.8883526108377264,1.7566207416554067
538,-0.21879628928268388,1.0319907094780743,0.9798397727443985,0.7706831389574418,1.2923420684859588
539,0.2902329616744461,-1.704852478895342,,-0.6084707070901727,1.306534195095337
540,-0.27440575659425614,0.006472679470399235,,1.1755957531685042,2.362385106824481
541,1.1686012440750575,,-0.17970250652379471,-0.18154603247105813,4.347282986667459
542,0.7674690267661262,-0.5297984266889516,-0.2652427512230065,-0.1345190047587874,6.3258415920012085
543,-0.7556267750230594,0.24973236538695742,1.0192349442116042,0.34748080958612354,2.7898854825939954
544,-0.6925352055679874,-2.515090115366832,0.2132405603771736,0.13491399210277588,1.4036979229410464
545,-0.8255118810946142,0.2970538378087866,-0.7021754791392081,-0.9981184978655016,4.149563832339535
546,1.0398805504832542,-0.9983886827736829,,0.7161866622558901,2.9169759986094563
547,-0.15622203743419377,-1.4751353573424102,-0.2447723389493685,-0.23558054965657027,1.5501220569942036
548,,-0.9442049053565651,-0.3295291121698352,0.16958589175158634,1.7646233546480938
549,,-0.7259837881813967,1.0609609248843697,0.4670928569180234,3.0210651467011536
550,-1.7439337941712725,,0.7823408478663406,-0.35040675161717894,1.9741857450449591
551,-0.05711129594347763,-0.5073716806084353,-0.2577288341274328,,1.1983818532120747
552,-0.5302821550923995,-0.3394153600379534,0.8562129152938387,-0.49251297163619895,1.555756496343892
553,,-1.3486094843440066,0.6844422769172765,-0.6164475815293964,7.233689562923684
554,1.02826550410462,-1.4810776096956875,,-1.0299629055478083,2.5330561362917963
555,1.1106470527491252,-0.758470525737987,-1.0729198796417854,-1.6593017751722248,4.32476925516616
556,,1.063181460433041,,-0.2665580598750624,1.5685555594152145
557,-0.4487991099448022,,-0.28946789171898474,-0.630481596222635,1.309899780017693
558,0.901542500097248,-1.6454070010988195,-0.12525569983850343,-1.4121595463991394,1.966333485250285
559,1.024489582702157,0.46916398048483815,-0.5164486404879727,-1.3402884190949154,1.529058140270984
560,0.9162941980919046,-0.4073773003273707,0.4864712932514859,0.12906260950385914,2.7468768690789807
561,-0.22279163045313227,-0.9548546315262684,-1.256293396357412,0.901266679999426,3.039489966113546
562,-1.9272449816146267,-1.1922809828543173,-0.1655767604334867,,4.566419688482984
563,-1.1312053985531754,0.5904836744280043,-1.1639566264592356,,5.301239791245992
564,0.7188399167224901,0.038976379391841204,-0.726056630106864,-1.4877145533521505,2.9645277526385745
565,-1.2490367106007207,-0.38976043869546817,0.843873817065569,-0.06855555412731083,5.0790004302600975
566,-0.5104821647266081,-2.3296532412858744,1.0946976274843785,0.586997530837259,1.6159210157622754
567,0.11435169746550197,0.739004023594725,-0.26452361859070345,,1.3580405390325718
568,1.0026757001322706,-0.5060204341173055,0.9707287211220585,0.11871528777749302,1.305013699858526
569,0.0760759135437885,-0.3674330396146389,0.7718461301884876,-0.19060952693910127,1.3530594879074898
570,-0.2501772012198299,0.47766634578920675,-0.740492922210302,0.3905718249724078,1.9473917868229602
571,0.6582263183698742,0.2144361744267121,-0.033248900944150006,-1.1648133459224714,2.4059153091611734
572,-0.6571714802165125,0.5320488934233684,-0.54497236266343,0.46558104558849567,4.106584588378747
573,0.4724550689214924,-0.13590307551078099,,-1.9865792744098316,1.7467717167996024
574,-0.5577008581634556,,,0.9602230262703249,2.8441351787013387
575,0.09114744558869356,0.5445437100960604,-0.029613026340427014,-1.5421188034545428,3.0588566695456327
576,1.0310239820850842,-0.08923486347515178,0.6459123372665625,1.0867757301355572,2.3913333130362777
577,0.24449362542167177,0.8013499456137705,0.4933355384771631,-0.7946006408332843,2.406857168248415
578,-0.11803442859388702,-0.3388975342495482,1.1726820696821336,-0.012316367719565886,1.5519968231836172
579,,0.7497291389463638,0.8174804448914522,-0.3503040005486834,1.4606981779515937
580,-0.7733840104566179,-1.4935745248793744,0.21847797039406353,1.0334493782883523,2.009114032764119
581,-1.2818393497810985,-0.14728191440988012,-1.3400584445919659,-1.0065667584260103,3.195170997228678
582,-0.3740751829806975,-0.5319946512391625,-0.21236083217559554,-0.11015868654296652,20.42715788035085
583,0.26954607822735094,-0.5069985444060816,0.5420580324152846,0.5203725091821186,12.10363617350524
584,-1.9316415115766792,-2.0819425270442373,-0.2455927140699248,1.0782694373711013,6.521258140710273
585,-0.924839841231258,0.2684619090270454,,-0.9946702828224465,1.9428432705802217
586,-1.1542270090081264,0.28707086841336643,-0.5564362358029894,0.6666129153845329,1.3973629783135668
587,1.0187413891527484,0.24071891698323078,0.7986770274913013,-2.719198723386,6.86193358777054
588,-0.30636733299998087,-1.0406514173669514,0.29563143088460303,-0.2471870836929082,1.2478563507952214
589,-0.11092461416001764,,-1.5065084337511971,-0.46677544349858746,1.27087057877448
590,-1.494592122591393,-0.37052013323921373,-0.9109789909404299,0.4377298017903557,2.8998857338883854
591,0.3573825784165958,-0.39761772407391616,-2.2078373511370732,,3.5455979366810015
592,1.041974397559241,-0.24820486898493915,-0.8029008684212372,,12.295346010815946
593,-1.0657305522148777,1.1383083041685769,,0.005850028339562326,1.3307573962629626
594,1.1094399793414422,0.5495366874013214,0.5562055895757024,0.05254130957881291,3.2192270749714678
595,0.1308646022370875,0.4346395925020794,-0.09090820539719097,0.9326358022097773,2.870509441136506
596,-0.400989375124575,-1.0915986313035348,1.0735398299475016,-1.1631863500896293,1.3923327860527885
597,0.41088181708379806,0.805997400412379,,-0.5253238056021832,4.130767011912823
598,-0.08725215770814634,-1.07812947466223,-0.401244402330464,-0.6788972084693927,2.4453867884215432
599,-0.27327131982155306,-1.9169409618142967,-0.2942850685343869,,3.7256836325249467
600,0.14391746419229884,-0.5136744556255229,-1.9923256204913058,1.0364946626032605,3.4578036325116686
601,-0.8226527187860991,,-2.018952243447024,-0.3138221399110014,1.936155598362815
602,,-2.165956389935089,0.4656218136651234,,3.172549896492296
603,-2.0963696311363993,0.9963065395228712,-0.44023068330815096,0.6316515206123323,1.4208642196670747
604,0.5021294126254431,-1.212338878228372,0.24835758562078342,,1.5412978892817673
605,-0.08926974145847433,0.6624796562064741,,-1.0704883562487357,1.7170411466232185
606,-0.49483751860137865,-0.1704490773087035,0.04130630982946031,0.27310756701293815,3.228448617975912
607,-0.36918955924846303,-0.6141555637143735,-1.7753595793541526,-0.5978543850824143,3.7878380152088336
608,-1.069289358256723,-0.7585124327541081,-0.187808321207722,-0.1700753126446096,1.2146456498815683
609,-1.0524548750244818,-0.11065760432760725,-1.034538940655326,-1.3425302810808653,2.183959492193792
610,-0.5256945472180161,0.1989729540329878,0.8714674740147987,-0.4051882827633559,1.562192750198717
611,-0.9288562507488834,-0.26019404938351315,-0.0004288927720779698,0.8521720797144194,1.3722102206145546
612,-0.08745361064441566,-1.0177096824557972,-0.797451089020355,-1.1287687864918274,1.238470217174506
613,0.42329341685895394,0.5439432363286131,0.15590009348433442,-0.2211836709645127,1.273545702980233
614,,0.8416966131802905,0.9617696763840003,,1.2731203188474296
615,-0.013848515114059639,-1.3048725992265269,-0.2024757815127377,-0.3235072248809159,6.854924251854847
616,0.6967831985760653,0.6061153045618268,-0.4062422265598921,-0.6954570286330103,2.203999544746685
617,-1.4305387339694728,-0.6926572789909864,-0.5228463744012144,0.514940070095986,3.8134365364730964
618,0.7673541855498927,-0.5122809560463857,-1.024366104953054,1.0481000331988777,3.7807079479833265
619,-1.0809290518736014,-0.2460065042605223,0.45558042927185555,-1.2931903700972627,1.7705544530465605
620,-0.5665613380694601,0.3820246977205609,,0.22556951789708313,1.9425930314922635
621,0.7582399507336052,-0.7120872871420462,1.094793398429923,,1.6351888216016395
622,0.4531945547428811,-1.4715272702250544,-0.6979354905771299,0.2014502690921236,1.6779132014736446
623,0.8563736060957303,0.7199097791152571,-0.868726517668011,0.8709904389948043,2.559346257484621
624,0.08353553875235507,-1.4259057871103875,0.8695304390058327,-0.7879050742541377,1.866663589716628
625,0.9887628592505829,0.5167798785340619,-0.29907008092880594,0.4782033976403955,3.2789787308949827
626,0.09620942642507851,0.030312694898160946,0.08903008234917163,-0.8305027722066015,1.7748461991235822
627,-0.6369494847123538,-0.541834477726443,0.07856697528940566,0.17544813287502578,3.1815117929658108
628,,0.08885840586106797,-0.08282432801696962,1.1749109288629,1.419004165798392
629,0.6181859486211232,0.10197928410285978,-0.2328121609105614,-0.7209958964726848,1.10710643911086
630,0.9253370189294959,-0.775763488340339,-0.5211128415995068,0.001158321526569754,2.007992880799784
631,-0.27366489068803784,,-0.37280975926606547,-0.20401136101371,1.4674066317049264
632,-0.26692614717290547,-0.08999480342524266,-0.2760074028460381,0.48567961367457646,2.367277901429743
633,-1.549188617018519,0.8663778203139967,-0.7556952740111958,-0.4637945962052772,2.0739716648544397
634,-1.2306488730250802,-0.23642969403698755,0.5768305679863216,-0.4909481317112543,2.474792237165576
635,0.035111250721321215,0.8017535213128593,-0.6582087350617907,,1.2098364567243736
636,,-0.3642682822906456,-0.9014800166825221,-0.5547422943539927,2.656509639991727
637,0.19485196747606032,0.6578661468255526,0.5937622479932994,-0.05338277416143097,1.4321253494706268
638,0.2556743588502859,-0.13612132958973613,-0.08088152855724073,1.1429925042369844,1.2023831206432756
639,,0.024001432703249514,-0.40275201878226685,0.23785361780612874,2.2309996845377436
640,-0.5056717603450366,0.30677219733031974,-0.8003326698879866,,2.0273944063570593
641,1.0505916112696418,0.11766634471774073,0.3706119189632864,-1.0103008258185973,1.894906878614235
642,0.5892412903044055,1.0180295580548544,-0.21056103565806591,-0.67544665371028,1.9543973301141446
643,,0.5797548252899061,-0.3719178471284981,0.5949277354310237,1.1464654901183418
644,-1.0748087635127002,-0.19016053523942372,0.05859378871971805,,2.538163254126127
645,0.369486191511096,1.1180483876471237,-2.5047830482572873,-2.1730652694973123,2.2312091460093293
646,0.8046965119736488,-0.08823569237733916,-0.25562222210668145,-1.4536900606799046,1.4868151665328169
647,0.12673751397807534,0.0009594915821783792,-0.06859932527783581,-0.2723295823585829,1.1330973600266216
648,,-1.8417227118022232,-0.11032872935509017,1.0395284882654496,1.2272275111558588
649,-0.25429054665499806,-0.9064442302313949,0.40882937916626083,-1.2622346277359473,2.972988842008455
650,-1.6961084411908953,-0.8115805610609439,-0.5072643103844052,0.4655426361887825,1.728934589119841
651,-0.13978804833806477,0.2634230544087518,-1.9804261320110557,-1.279054113368596,1.203741426367119
652,0.574684248128917,,-0.02932661408161558,-0.697630336076498,1.816880712794739
653,0.48465222474248454,-0.8353304788106699,-2.095295717091938,0.7739634167782526,2.9504945999638217
654,0.01265565945047844,0.31882159203934124,-0.14443712578207246,-0.7959457556427622,2.9095822964133458
655,0.7115457400552275,-0.8491492306834253,-0.8026235613763442,-0.3408184478762072,1.3250005020613174
656,0.07259379369836479,-0.2698382679236712,0.07461822428649525,0.8365030441828472,1.9943020944511334
657,0.987157104619599,0.5919063428828809,-0.19926331843130363,-1.598200336940538,1.612123818409709
658,-1.405778059051673,0.26029419491978517,-0.13318398280039553,1.0100860699983583,2.2363161013249737
659,-0.7220291147396761,-1.6105655399475316,0.18715224123349608,,1.3963383344454874
660,,-1.8364926303546136,-1.3065480232447726,-2.243189863793782,1.4290228454084632
661,,-0.6369089030746642,-0.6930154437835894,-1.890158720400708,1.571046361679818
662,0.7383487204796811,,-0.6797864314477576,-0.3662132960642705,2.6289610554419216
663,,-1.833089573434576,,0.039199007924642024,1.606756835473604
664,0.9093416225587972,-0.05912471663958893,-1.0498543007118377,0.13342402268457898,1.575197925273025
665,,,-0.44496134538628546,0.4312104202794917,1.7008210822084049
666,-1.5339769121824107,0.3624089078482265,-0.07722614373284463,-0.47898896194096413,2.118134789338568
667,0.030787598064758143,1.1687721592009328,,0.691519492190418,1.286816259782608
668,-0.20324868535166046,0.8993389747631926,0.24882339896963826,-0.7341108515995217,1.5659038841298547
669,-1.0554357886902814,0.7725663611988975,0.4557422864599288,0.3612697592104421,1.351460319617272
670,,1.1897108038349502,-0.6257496415450507,-1.3095731418323118,1.2367721233298203
671,0.7650372911369162,-1.4764628819773515,-0.09500822942214124,-0.10930293934486938,2.0596927114880685
672,0.19123952233458424,-0.07282593516684803,1.0118849226884221,-1.170619504990028,3.7198326017670884
673,-0.18801001888636845,,-0.9773295083757776,-1.1296863845095593,5.471964766661299
674,0.45151343113036707,-2.018047456122782,,-0.25685321201317696,1.4373389059730368
675,0.15406090143057807,0.38502246014140146,-1.6977591439633346,-0.40354165073509773,1.807751908988974
676,0.5677264479990686,,-0.8103297460468247,,2.4076427047241706
677,-0.9437013897374329,0.6180051496798614,0.8057964175937347,-1.1566951389965532,3.354174337105947
678,1.0752301322254674,,0.23323547293409946,-1.6934423974493975,3.241714214058458
679,-1.5580929623409743,0.10921334043586099,,0.6262189246322415,3.0140260231521703
680,-0.13900393959435983,-0.9435898884641617,,-0.40331377723563033,3.8948931435953815
681,0.13474972673492527,-0.18797616096494044,-1.2311183482704442,-0.06308708075224555,3.80914112794662
682,-2.229425201530137,,0.051310791554111966,-0.1683703740961721,1.2842957222011628
683,0.6900177898369173,-0.23179235271638698,0.23522561592860294,0.9459071312343693,11.318482391737827
684,0.4446185214954831,-0.3720187866465536,-1.010561963054784,0.7311717126167386,1.8092774762319017
685,0.0325052973016466,1.0256078800269064,0.21663427677196836,-0.11077268392775252,1.1675289850605564
686,-1.074566422036484,-0.2803985673547857,-0.3632339166705696,-1.7091592827838265,5.486231815071269
687,0.4744462772211879,1.1178028450300637,-1.3513117361723572,0.8730364776267646,1.5020689426576943
688,-0.2695301230351616,0.8048163711654448,-0.2902157432525655,,2.6928905832760557
689,-0.7216501915922261,-0.9369165594429363,-0.7087107023906117,0.29471778475833166,6.176923755249086
690,,0.41872782540116554,-0.25008008587922126,0.7148956148023814,3.6699711342981898
691,-0.03850235274936069,-1.3639770157888946,-0.5935039389300995,,2.2407134103907618
692,,-0.6123813176851012,0.49671995925902596,-0.20304572149279834,1.968582802843391
693,0.5518014919053714,,-0.5592537848601989,0.4459168364079085,4.0386247314906
694,0.5149589342485325,0.3618928676667314,0.8874505103317365,-1.7689802142837074,1.9093896744624717
695,-0.8400081389543422,0.20209667516807564,0.34805711358971786,0.20131192259824865,2.2847811139054537
696,0.8369496332949463,,0.7518455567910597,0.8602232682266492,2.497528529279621
697,,,-1.3896198070961365,0.5252169451504933,2.2285580581034417
698,-0.06749601755590529,0.10215144418146103,-0.5563824055351012,0.2369768186196177,6.14129204320484
699,,,-0.6517034919054441,-0.8795906340479067,1.5772841443100578
700,-0.5699559267629408,,-0.4381999694010449,-0.7076240924068988,2.5244462010694733
701,,-0.4990984050712606,0.30632326010002414,0.19862090716982708,1.6050268066737967
702,,-0.2824903108920875,0.42854613098318634,-1.533369903293997,1.3839990021922313
703,-0.9655658067726633,,-0.49093501787279936,-0.8744069582909139,6.6869345023319555
704,1.1225329543672762,0.7530095004998806,0.09554326161911565,-0.028499421326270244,1.347386112938545
705,0.7493000708801875,,0.7378347616892885,0.8438391954331719,1.180359980499787
706,-2.1691024907633984,0.27582018650693807,,0.4484051796176482,2.8865870882466
707,-0.9846900031513598,-0.92047359182251,1.1530617340938338,1.0093023054116288,2.6511276235079357
708,-1.0701805921864198,0.46214216144004,-0.09725983145187649,-0.627457653556225,1.2693053106290284
709,-1.2737419079123635,0.23674779845714117,,-1.2320831626556294,1.18446589321888
710,-0.23163910391831363,-0.7592592895374242,0.5341784456705113,0.20109662363490377,2.7046668355022594
711,-0.7321303330638108,-0.682225811122398,1.0818569283932136,0.8202209534802427,2.127555846222126
712,-2.871543036778832,-0.5638950390173911,-0.030687938290677213,-0.15076071344507608,1.54239323956407
713,-0.8488472762679226,-0.012752238341364828,-2.0067641755837484,0.42664035346695045,1.5251677938671928
714,-0.026228328773317086,0.6273330449742225,-0.7600533653966648,0.7318168136986832,2.1855140799343067
715,-0.6292041584127557,,-1.682951954769987,0.6080099108884025,1.348182697571459
716,0.8113292282825492,0.6841266794683754,-0.06114972911630537,0.2207226645351085,1.4046432435027205
717,0.5373434143306816,-0.7526094825273546,-0.9932274572865548,0.06561736064221428,1.419916678254177
718,-1.084842844101352,-1.2798427297520296,-0.42061456669857833,-0.3726584336311112,2.040593435890698
719,-0.7135662152601107,0.17485915589492543,0.5738745170442967,0.16503298017699156,2.7396367214059074
720,,-0.16708761086712157,-0.16108839486434265,-1.4778803304048236,1.1941390316948057
721,-1.7446339072218373,-0.8688322157885419,-0.2568704540276228,-0.11495303132530466,2.7529379615319884
722,-0.43333424889514927,0.5136244127263151,0.12028297866899969,0.5669444561148409,2.09466930856592
723,1.084173483715723,0.5763165077211366,0.6877080683261764,0.07466768145545276,1.544841305288498
724,-0.554363011718191,-0.06594367101732437,0.08995703679083651,0.3046963913534873,2.6880181576570763
725,0.3786746787427627,0.2114116010296151,0.39923020629652817,,1.4800803317813507
726,0.6706256738003903,-1.2083408121881658,-0.19803598646184004,-0.5026458736794767,3.795542764372614
727,0.36502567956859194,,0.5327725249576577,-0.8817098824321797,2.7469463172211808
728,-0.6550305781560664,0.3118157955813161,0.8722394242476269,,2.2272849291079257
729,,-1.3047052258944312,-0.6308341376778828,,3.0495401057615132
730,-0.048879716617946496,-0.8668872100506253,,-0.64682673375172,1.7496747241885882
731,-1.239536101309676,-0.531530195154646,0.4067794835437651,0.3184635720969817,2.8199163790346025
732,,0.12744653114256918,0.7522376912011344,-0.3423076069709648,1.6147458110140833
733,-0.5708335236089073,-0.4078205264937646,-0.1033843195468807,0.22387364909830507,5.0735674531724095
734,0.7115803038618453,0.5564357880548245,0.5874742828557684,-0.25833803513579645,3.2130076305697277
735,1.034191294350773,-0.8951823639407348,0.20281029542134998,-0.7946730923282184,4.483822518155558
736,-1.4225875322471628,0.7862723306727246,0.33728792354544834,-0.25380187668069815,3.2809503885959215
737,-0.21583162529924713,,-1.5650245819037538,-1.3985356455539255,1.2708931498941543
738,-1.236189809394542,-0.08923336126317027,,0.9760666194112123,2.4503831534247125
739,,0.5816749619486903,0.7348775491559288,0.1939065645768394,2.0278894677085546
740,,-1.8296508366853454,-1.634254824862285,0.4487766343230966,1.3432547791842178
741,-0.2947931918557051,1.0496894057899169,-1.1860165702124295,-0.3697554759585797,2.9183352102349533
742,-1.7735348400721938,-0.2489933065161525,-0.29924103935053903,-0.905299443758335,2.2604819649115466
743,0.48457241098110726,-0.5528221752612368,0.4404634088129619,0.2577478229456337,2.4392329382035056
744,-0.9485021098167186,1.0928902461732672,0.4570651059250823,-0.15918441066281228,4.773404497339318
745,-1.2671755688486652,-0.46725575324348173,0.4735279816786253,0.5142055172019604,2.90225531714584
746,-1.5027337845638016,-1.0838631881473586,-1.14399256070117,-0.485044282578775,1.6878523587254874
747,-1.357263588718214,-1.2581945933595848,0.7113069041219562,-0.5062063858560573,1.9396705357337276
748,-2.3671632494494084,0.5778356606500018,-0.8792816330032159,0.13976854524746748,1.163649733163255
749,-0.010664459390743817,0.5531749874775191,-0.5221596317854827,-0.6014942326881535,1.9440412299104524
750,0.07022269355150533,-0.7716808806955257,,-0.027300945712104185,1.24852871676655
751,-0.23343346025849798,-0.18928396370409473,1.1190203963155578,-1.715641432094745,1.4537046793863078
752,-0.610400314335382,-1.7921117657492012,0.04858069829055382,,1.547700153386249
753,-0.43278545632219784,0.6460927813546479,0.8008334678805579,0.054189632148485295,2.3309344213914445
754,,0.955672179587968,,0.24760136339654928,3.7601192910700556
755,,0.5143139466162632,,-0.4865947327041798,1.809732549582074
756,-1.832817651659506,0.8338740680178682,0.22269618286801798,-0.49185152025136847,1.8183220681242958
757,-1.066194441792192,0.2922529650683558,0.8291946736993219,0.8428281340527889,1.398091443050367
758,0.6461646247032794,-1.2032451446698444,-0.49548093448147695,0.4123622355852529,4.646820280331596
759,-1.0226862284263627,,-0.41059920391676435,,2.0857992114608863
760,-0.3284321179043602,-0.5893880630379928,-1.3348946904598336,-0.7984692520892295,3.985121983911866
761,,-0.1804643352507344,0.8556387941508551,-0.10769672346388755,1.2724663932767117
762,0.3254971812259757,-0.2761313014755218,,-0.3447982152430615,3.3472413802829295
763,0.15496830754986052,,-0.6426059602258359,,3.862576916923189
764,-1.2011041773413431,0.21673601659380157,0.7703515084272432,-0.5793241674720703,2.791928119032405
765,-1.5206868217511091,0.8926921343706392,0.2484903642928998,0.7265699672069729,1.5788765955632125
766,-0.3240621411968936,1.0428837103915463,1.0832815857312343,0.8643251085668023,2.9612714158086515
767,0.6212456907174362,0.11592986697108036,-0.09772348980503558,-1.211259313601969,1.6248258922689365
768,-0.25141691921776477,-1.094245592584779,-0.00765162567459574,-0.24089057038917563,1.2518802402931628
769,0.46351168152979033,-0.9667515207565955,,-1.0324373519366827,1.6799481632257436
770,0.4698551701297161,-1.4999444018112362,-1.8530415988222595,-0.337447340809994,2.665038315224904
771,-0.25790693927969394,1.0093302084681786,0.2761046929888453,0.6685629858787175,1.4753622118995435
772,0.4656249594095551,-0.05432366342384161,-1.3245262517185699,-0.5096283718743557,11.653761060150506
773,0.25726445400667963,,0.5594416280784384,0.8222285735158661,3.8288098280325014
774,-1.8749978147535933,0.6201054776030407,-0.8889382099410226,0.7605404969953292,3.5850348205888976
775,,-1.4504154070361466,0.09816197422399314,,1.5358880307168437
776,-1.4251132671558848,-0.10811572523864943,0.2519563895052607,-0.47045213183385415,1.7738641644408983
777,0.3410142886577802,-0.14813219204652578,0.9738240765356179,-0.029918799061497716,2.8297747953211507
778,0.86556361372937,0.6654572006345476,-0.5023299734888941,0.8111801626504084,7.462582550028292
779,-0.033169110834779275,-1.4898698227835998,-1.345573764711687,-1.3373101055398275,1.5858199311043446
780,-0.13070440848032563,-1.067702908382046,0.435302551496352,-0.20279774418577473,2.8566304084666294
781,-0.37301886581213445,0.6822982056396151,-0.18239291855550005,-1.5126590569008487,1.9290282036410922
782,0.5831017439987757,0.09411136742617489,0.6274561626292922,,1.1482702659922828
783,0.33160811831081716,-0.029496166418147063,0.3800945893016087,0.09641985072185051,2.5477959210624443
784,-0.6837744480347939,-0.5828385607634009,-0.9306422169130475,-0.38487476762474626,1.8304456701018668
785,-0.0378409095105535,0.22324474095796068,0.22972049469888856,-0.47168963687364585,9.7085673789746
786,-1.0185294900998378,-0.10017057852510118,0.1074556659208071,-0.7675779744110252,1.602754129527796
787,-0.9789825240686383,0.33952740135463483,-0.5063155814709344,-0.4642849542056849,2.4352281669502047
788,0.27140953695996894,-2.224315802848983,-0.24538631407437364,,1.746809300503414
789,1.1005234137263715,-0.6794484324167493,0.11609840854029184,0.8731888696848141,1.5779265327394318
790,-0.12764205375780172,-1.001597813671833,0.04628472926136006,0.8720843858189146,3.7237241147898534
791,-0.6294547292601627,-0.09534911539691146,0.0555666258873349,-0.7023669568043157,3.6730484816107087
792,0.6687110967056962,-1.240563525438881,-1.8850987849273464,-2.881448996888071,2.664424104238786
793,-0.08789536094773573,0.9321499352208434,-0.5002194316797043,-0.47932459011223705,1.8073599727889476
794,-0.0017363008432846254,-0.2129645204521901,0.7482666366010453,-1.0221619221754499,1.2869852304305187
795,0.12349314770324589,0.7935715239730989,-0.41846582814665767,0.8127058938607404,2.018497977744159
796,-2.2957550954886097,-1.2192802797422697,-0.8557985753235707,,8.953509460994983
797,,0.9411217588817368,0.4838703819587174,-0.19482794015803764,1.1434538462577573
798,-0.2952003606327441,-1.4763966885740976,-0.18366362050964555,0.2210257717284427,1.2403478148435023
799,-0.06260499110356792,-0.016611276224063182,0.4758503603270908,0.4588627808569665,1.3347191002246204
